text,label,is_disaster,disaster_type
"malakas yung baha dito sa pila, kailangan ng tulong asap",disaster,True,flood
"typhoon rolly destroyed houses, urgent relief needed",disaster,True,typhoon
"nakakalungkot, sunog sa barangay 5 kagabi, kailangan ng donation",disaster,True,fire
"help po, landslide sa gilid ng highway, maraming na-stranded",disaster,True,landslide
"flash flood ulit kagabi, wala na kaming pagkain",disaster,True,flood
"please donate water and canned goods, pila residents badly affected",disaster,True,other
"strong wind damages roofs, patulong naman sa mga kapitbahay",disaster,True,flood
barangay hall asking for blankets and rice donations,disaster,True,other
gcash donations open for fire victims,disaster,True,fire
"typhoon pa rin, walang kuryente buong barangay",disaster,True,typhoon
need volunteers bukas for relief packing,disaster,True,other
"mga bata walang makain, please donate milk and biscuits",disaster,True,other
urgent: donate clothes and hygiene kits,disaster,True,other
"storm surge destroyed houses near the lake, tulong po",disaster,True,typhoon
"rescue needed, may mga naiwan sa bahay, baha pa rin",disaster,True,flood
"kailangan namin ng banig at kumot, malamig na",disaster,True,other
"may landslide sa bundok, hindi madaanan ang daan",disaster,True,landslide
"flood reached 2nd floor, wala na kaming matutuluyan",disaster,True,flood
barangay captain requesting donations for evacuees,disaster,True,other
"may mga sugatan sa fire incident, donate medicines",disaster,True,fire
"relief operation bukas 8am, kailangan ng volunteers",disaster,True,other
"walang tubig at pagkain, please send help",disaster,True,other
"urgent call for donations: rice, noodles, canned goods",disaster,True,other
"baha na naman sa pila, kailangan ng rescue boats",disaster,True,flood
local ngo accepting donations for typhoon victims,disaster,True,typhoon
"please share, families need food packs",disaster,True,other
"landslide blocking road, no access to relief",disaster,True,landslide
barangay health center asking for medical supplies,disaster,True,other
"sunog sa palengke, maraming nawala ng kabuhayan",disaster,True,fire
"relief distribution ongoing, pero kulang pa rin",disaster,True,typhoon
"50 families displaced, kailangan ng tulong",disaster,True,other
"lindol kagabi, maraming bahay nasira",disaster,True,flood
"aftershock pa rin, hindi makapasok sa eskwela",disaster,True,earthquake
rescue operation ongoing sa mga stranded,disaster,True,other
"may sugatan sa landslide, kulang ang gamot",disaster,True,typhoon
walang signal buong barangay after typhoon,disaster,True,typhoon
barangay asking for donations of rice and canned goods,disaster,True,other
rescue teams needed sa bundok area,disaster,True,other
"typhoon ulysses damaged our house, need assistance",disaster,True,typhoon
"sunog malapit sa plaza, please send help",disaster,True,fire
"evacuation center full, kulang ang supplies",disaster,True,typhoon
barangay nurse requesting medicine donations,disaster,True,other
may nawawala pa rin after baha,disaster,True,flood
road closed dahil landslide,disaster,True,landslide
"relief trucks arriving tomorrow, volunteers needed",disaster,True,other
strong earthquake shook laguna this morning,disaster,True,earthquake
"families sleeping on the streets, need blankets",disaster,True,other
typhoon victims need immediate food assistance,disaster,True,typhoon
barangay officials asking for relief goods,disaster,True,other
"power outage ongoing, no clean water available",disaster,True,other
community kitchen needs rice donations,disaster,True,other
"may stranded sa bubong, kailangan ng rescue asap",disaster,True,other
"relief center overcrowded, wala nang space",disaster,True,other
mga bata nagkakasakit na dahil sa baha,disaster,True,flood
need urgent medicine donations for evacuees,disaster,True,other
"rescue boats needed near highway, mataas ang tubig",disaster,True,other
barangay officials asking for bottled water donations,disaster,True,other
"may landslide malapit sa eskwelahan, di na madaanan",disaster,True,landslide
"evacuees sleeping sa sahig, need mats and blankets",disaster,True,other
"sunog kagabi, nawala lahat ng gamit ng pamilya",disaster,True,fire
"emergency appeal for food packs, 100 families affected",disaster,True,other
"malakas na ulan, posibleng mag landslide ulit",disaster,True,typhoon
walang kuryente at signal buong araw,disaster,True,typhoon
"barangay captain calling for donations, urgent need",disaster,True,other
"rescue needed, pregnant woman trapped sa baha",disaster,True,flood
"relief trucks delayed, kulang pagkain ng evacuees",disaster,True,typhoon
"floodwater umabot hanggang dibdib, tulong po",disaster,True,flood
need clean drinking water urgently,disaster,True,other
typhoon victims requesting clothes and shoes,disaster,True,typhoon
volunteers needed for repacking relief goods,disaster,True,other
barangay health worker asking for first aid kits,disaster,True,other
"strong aftershock again, takot ang mga bata",disaster,True,earthquake
"sunog destroyed 20 houses, residents need help",disaster,True,fire
food shortage in evacuation site,disaster,True,other
"kailangan ng hygiene kits, maraming evacuees babae at bata",disaster,True,other
"rescue truck stuck sa baha, backup needed",disaster,True,flood
"donation drive ongoing, pero kulang pa rin",disaster,True,typhoon
"evacuation center walang cr, unhygienic na",disaster,True,other
families still stranded on rooftops,disaster,True,other
"barangay needs extra generators, brownout pa rin",disaster,True,other
"landslide covered entire road, no access sa bayan",disaster,True,landslide
"lubog na naman ang buong barangay, kailangan ng bangka",disaster,True,other
"wala nang pagkain sa evacuation center, tulong po",disaster,True,other
"nawalan ng bahay ang kapitbahay ko, kailangan ng damit",disaster,True,flood
"nag-crash ang pader dahil sa lindol, delikado dito",disaster,True,earthquake
"mga bata nanginginig sa lamig, walang kumot",disaster,True,other
"namatay ang ilaw buong sitio, di makagamit ng appliances",disaster,True,other
"kulang ang bigas, wala nang makain ang evacuees",disaster,True,typhoon
"may sugatan dito, walang first aid kit",disaster,True,other
ang daming bahay natangay ng baha,disaster,True,flood
"kailangan ng gamot, maraming inuubo at nilalagnat",disaster,True,other
"lumindol ulit, basag ang bintana namin",disaster,True,earthquake
"barangay hall puno na ng evacuees, wala nang space",disaster,True,other
"nagka-sunog kagabi, ubos lahat ng gamit ng pamilya",disaster,True,fire
"naglaho ang tulay sa lakas ng baha, stranded kami",disaster,True,flood
kailangan ng volunteers sa repacking area,disaster,True,other
nag-collapse ang bubong ng eskwelahan,disaster,True,other
"kumakapit sa kahoy ang mga residente, tulong agad",disaster,True,other
kumalat na ang sakit sa evacuation center,disaster,True,other
"rescue team delayed, kailangan ng dagdag tulong",disaster,True,other
"may nadaganan ng debris, walang rescue",disaster,True,other
"nawalan kami ng bahay dahil sa sunog, kahit maliit na tulong pinansyal malaking bagay na po.",disaster,True,fire
"binaha ang buong barangay, kailangan po namin ng kaunting pera para makabili ng pagkain.",disaster,True,flood
"nawalan ng kabuhayan dahil sa lindol, sana po matulungan kami kahit konti lang.",disaster,True,earthquake
"nasunugan po kami kagabi, umaapela po ako ng tulong pinansyal para sa pamilya ko.",disaster,True,fire
"naapektuhan kami ng matinding baha, humihingi ng donasyon para sa mga bata.",disaster,True,flood
"iniwan kami ng bagyo na walang gamit, kailangan po ng financial assistance para makabangon.",disaster,True,typhoon
"nasira ang kabahayan sa landslide, humihingi kami ng tulong pinansyal.",disaster,True,flood
"matinding ulan ang sumira sa aming bahay, umaapela ng cash donation.",disaster,True,flood
"sunog ang sumira sa kabuhayan namin, sana po may makatulong financially.",disaster,True,fire
"nawalan ng ari-arian sa baha, kahit maliit na pera malaking tulong po.",disaster,True,flood
"nasira ang palengke dahil sa bagyo, vendors affected humihingi ng financial help.",disaster,True,typhoon
"evacuation center puno na, sana po makatulong kayo kahit konting donasyon.",disaster,True,other
"sunog kagabi sa barangay namin, humihingi ng tulong pinansyal para sa mga biktima.",disaster,True,fire
"bagyo ang sumira ng kabuhayan ng mga magsasaka, donations needed.",disaster,True,typhoon
"nawalan kami ng hanapbuhay sa baha, humihingi ng financial assistance.",disaster,True,flood
"nawasak ang bahay dahil sa lindol, tulong pinansyal po ang aming kailangan.",disaster,True,flood
"baha ang sumira sa mga gamit namin, cash donations po ang kailangan.",disaster,True,flood
"nasunugan ang kapitbahay namin, umaapela kami ng tulong pinansyal.",disaster,True,fire
"bagyo ang nagpalubog sa buong barangay, kailangan ng financial support.",disaster,True,typhoon
"nawalan ng lahat dahil sa apoy, cash assistance po sana.",disaster,True,fire
"nasira ang kabuhayan ng mga mangingisda sa bagyo, donations needed.",disaster,True,typhoon
"evacuation center kulang sa pagkain, humihingi ng donasyon.",disaster,True,typhoon
"sunog ang sumira sa bahay namin, umaapela ng tulong pinansyal.",disaster,True,fire
"bagyo ang nagdulot ng baha sa aming lugar, financial help needed.",disaster,True,flood
"nasira ang mga pananim sa bagyo, farmers need financial assistance.",disaster,True,typhoon
"nasunugan ang buong barangay, humihingi ng cash donations.",disaster,True,fire
"bagyo ang nagdulot ng landslide, evacuation center needs donations.",disaster,True,typhoon
"nasira ang kabuhayan ng mga vendor sa palengke, financial help needed.",disaster,True,other
"sunog ang sumira sa bahay ng kapitbahay, humihingi ng tulong pinansyal.",disaster,True,fire
"bagyo ang nagdulot ng baha sa buong barangay, donations needed.",disaster,True,flood
"nasira ang kabuhayan ng mga magsasaka sa bagyo, financial assistance needed.",disaster,True,typhoon
"evacuation center kulang sa hygiene kits, donations needed.",disaster,True,typhoon
"sunog ang sumira sa kabuhayan namin, humihingi ng cash donations.",disaster,True,fire
"bagyo ang nagdulot ng landslide sa aming lugar, financial help needed.",disaster,True,typhoon
"nasira ang bahay namin sa lindol, umaapela ng tulong pinansyal.",disaster,True,flood
"nasunugan ang buong barangay, donations needed.",disaster,True,fire
"bagyo ang nagdulot ng baha sa aming lugar, humihingi ng financial assistance.",disaster,True,flood
"nasira ang kabuhayan ng mga vendor sa palengke, cash donations needed.",disaster,True,other
"nasira ang kabuhayan ng mga mangingisda sa bagyo, cash donations needed.",disaster,True,typhoon
"evacuation center kulang sa pagkain at hygiene kits, donations needed.",disaster,True,typhoon
"sunog ang sumira sa bahay namin, humihingi ng tulong pinansyal.",disaster,True,fire
"bagyo ang nagdulot ng baha sa buong barangay, financial assistance needed.",disaster,True,flood
"bagyo ang nagdulot ng landslide sa aming lugar, donations needed.",disaster,True,typhoon
"nasira ang kabuhayan ng mga magsasaka sa bagyo, cash donations needed.",disaster,True,typhoon
"nasunugan ang buong barangay, humihingi ng financial help.",disaster,True,fire
"bagyo ang nagdulot ng baha sa aming lugar, donations needed.",disaster,True,flood
"nasira ang kabuhayan ng mga vendor sa palengke, humihingi ng cash donations.",disaster,True,other
"nasira ang kabuhayan ng mga mangingisda sa bagyo, humihingi ng cash donations.",disaster,True,typhoon
"evacuation center kulang sa pagkain at hygiene kits, humihingi ng donations.",disaster,True,typhoon
"sunog ang sumira sa bahay namin, donations needed.",disaster,True,fire
happy birthday kuya! sana masaya ka ngayong araw,not_disaster,False,not_disaster
"sale ngayon sa shopee, check nyo bago matapos",not_disaster,False,not_disaster
"grabe, ang saya ng beach trip namin kahapon",not_disaster,False,not_disaster
nag-open na ulit yung favorite milk tea shop,not_disaster,False,not_disaster
"congrats sa new job mo, proud kami sayo",not_disaster,False,not_disaster
"kaka-release lang ng bagong iphone, ganda!",not_disaster,False,not_disaster
"traffic na naman sa edsa, grabe",not_disaster,False,not_disaster
"watch party mamaya sa bahay, dala kayo food",not_disaster,False,not_disaster
"sarap ng dinner namin kanina, sulit",not_disaster,False,not_disaster
"weekend bonding with family, nakaka-refresh",not_disaster,False,not_disaster
"ang cute ng aso ko, tignan nyo oh",not_disaster,False,not_disaster
movie night later! excited na ako,not_disaster,False,not_disaster
na-miss ko tuloy maglaro ng basketball,not_disaster,False,not_disaster
congrats graduates! hard work pays off,not_disaster,False,not_disaster
"may bagong branch yung gym namin, tara workout",not_disaster,False,not_disaster
"ang init ng panahon, sana umulan",not_disaster,False,not_disaster
"coffee date with friends kanina, sobrang saya",not_disaster,False,not_disaster
"nag level up na ako sa ml, finally",not_disaster,False,not_disaster
sarap ng bagong ramen shop dito sa laguna,not_disaster,False,not_disaster
"family picture namin sa outing, saya sobra",not_disaster,False,not_disaster
good morning everyone! have a great day,not_disaster,False,not_disaster
"nag order ako ng foodpanda, ang bilis dumating",not_disaster,False,not_disaster
"may concert bukas, sobrang excited",not_disaster,False,not_disaster
"shopping galore today, sale sa mall",not_disaster,False,not_disaster
"nag upgrade ako ng pc, ang lupet!",not_disaster,False,not_disaster
happy anniversary sa aking magulang,not_disaster,False,not_disaster
"selfie ko sa bagong haircut, bet nyo?",not_disaster,False,not_disaster
"workout completed today, sweaty pero worth it",not_disaster,False,not_disaster
"late night study grind, kaya natin to",not_disaster,False,not_disaster
sarap ng halo-halo sa summer,not_disaster,False,not_disaster
"swap iphone 11 to samsung s21, pm me kung interested",not_disaster,False,not_disaster
"barter shoes size 9 for size 8, located in laguna",not_disaster,False,not_disaster
"for sale: pre-loved baby stroller, good condition",not_disaster,False,not_disaster
"looking for buyer, secondhand washing machine p3k only",not_disaster,False,not_disaster
"cod delivery sa pila area, pm for details",not_disaster,False,not_disaster
"barter ps4 to xbox one, pm lang",not_disaster,False,not_disaster
"for delivery: homecooked meals, pila area lang",not_disaster,False,not_disaster
"swap guitar for laptop, pm if interested",not_disaster,False,not_disaster
"accepting orders for milk tea, free delivery",not_disaster,False,not_disaster
"garage sale tomorrow, lahat bawas presyo",not_disaster,False,not_disaster
"looking to buy secondhand sofa, budget 2k",not_disaster,False,not_disaster
"barter tv for refrigerator, text me",not_disaster,False,not_disaster
free delivery for orders above p500,not_disaster,False,not_disaster
meet-up and barter items near plaza,not_disaster,False,not_disaster
rush sale: branded bags 50% off,not_disaster,False,not_disaster
"cod accepted, pm for faster transaction",not_disaster,False,not_disaster
swap old bike for new helmet,not_disaster,False,not_disaster
looking for delivery rider pila area,not_disaster,False,not_disaster
"for sale: preloved clothes, cheap",not_disaster,False,not_disaster
free shipping nationwide until weekend,not_disaster,False,not_disaster
"looking for secondhand books, pm offers",not_disaster,False,not_disaster
swap sneakers for basketball shoes,not_disaster,False,not_disaster
available today: frozen goods with delivery,not_disaster,False,not_disaster
barter baby crib for high chair,not_disaster,False,not_disaster
"for sale: kitchenware, slightly used",not_disaster,False,not_disaster
"order now: homemade ulam, free delivery",not_disaster,False,not_disaster
meet up at town plaza for swap,not_disaster,False,not_disaster
"looking for laptop charger, pm offers",not_disaster,False,not_disaster
discount sale today! 70% off,not_disaster,False,not_disaster
"cod only, no shipping fee",not_disaster,False,not_disaster
"swap gadgets, pm details",not_disaster,False,not_disaster
for sale preloved books,not_disaster,False,not_disaster
"accepting bulk orders, with delivery",not_disaster,False,not_disaster
barter guitar pedal for keyboard,not_disaster,False,not_disaster
"rush sale appliances, cheap",not_disaster,False,not_disaster
"looking for secondhand phone, budget 5k",not_disaster,False,not_disaster
free delivery for orders above p300,not_disaster,False,not_disaster
"looking for buyer, preloved laptop p8,000 only",not_disaster,False,not_disaster
"swap refrigerator for washing machine, pm if interested",not_disaster,False,not_disaster
"for sale: mountain bike, slightly used, p5k",not_disaster,False,not_disaster
accepting cod orders sa pila area only,not_disaster,False,not_disaster
delivery available for fresh vegetables today,not_disaster,False,not_disaster
"rush sale: branded sneakers, half price",not_disaster,False,not_disaster
"swap ipad for android tablet, pm details",not_disaster,False,not_disaster
"looking for buyer, dining table set",not_disaster,False,not_disaster
"accepting pre-orders for milk tea, delivery within town",not_disaster,False,not_disaster
for trade: gaming chair to mechanical keyboard,not_disaster,False,not_disaster
cod and free shipping nationwide,not_disaster,False,not_disaster
barter old tv for microwave oven,not_disaster,False,not_disaster
"meet up near plaza, swap items lang",not_disaster,False,not_disaster
for sale: preloved clothes bundle,not_disaster,False,not_disaster
"looking to buy baby crib, pm offers",not_disaster,False,not_disaster
food delivery available until 9pm,not_disaster,False,not_disaster
barter smartphone for mountain bike,not_disaster,False,not_disaster
"for sale: pet cage, good condition",not_disaster,False,not_disaster
swap dslr for gopro camera,not_disaster,False,not_disaster
"rush sale appliances, limited stocks",not_disaster,False,not_disaster
meet-up today for gadget swap,not_disaster,False,not_disaster
accepting orders: home-cooked meals,not_disaster,False,not_disaster
looking for delivery rider urgently,not_disaster,False,not_disaster
"garage sale, all items must go",not_disaster,False,not_disaster
"cod transaction only, no shipping",not_disaster,False,not_disaster
"for sale: kitchenware, barely used",not_disaster,False,not_disaster
order now and get free delivery,not_disaster,False,not_disaster
"pre-loved bags for sale, cheap",not_disaster,False,not_disaster
swap bicycle for smartphone,not_disaster,False,not_disaster
looking for 2nd hand books,not_disaster,False,not_disaster
accepting bulk orders today,not_disaster,False,not_disaster
"nagbebenta ako ng bigas, p45 per kilo, pm lang",not_disaster,False,not_disaster
swap: lumang cellphone kapalit ng grocery items,not_disaster,False,not_disaster
nagahanap ako ng buyer para sa electric fan,not_disaster,False,not_disaster
"delivery available, order na ng ulam sa tanghali",not_disaster,False,not_disaster
"bili na ng prutas, sariwa at mura lang",not_disaster,False,not_disaster
barter: blender kapalit ng rice cooker,not_disaster,False,not_disaster
"nagbebenta ng bagong sapatos, size 8",not_disaster,False,not_disaster
"cod lang po, walang shipping fee",not_disaster,False,not_disaster
"pabili ako ng gatas, deliver sa barangay plaza",not_disaster,False,not_disaster
"meet-up lang sa palengke, bibili ng damit",not_disaster,False,not_disaster
"benta ng school supplies, mura lang",not_disaster,False,not_disaster
nagahanap ako ng murang secondhand bike,not_disaster,False,not_disaster
swap lumang tv para sa gasul,not_disaster,False,not_disaster
"nagbebenta ng homecooked meals, order na",not_disaster,False,not_disaster
nagpapahanap ng buyer ng sofa set,not_disaster,False,not_disaster
"delivery ng gulay, tawag lang po",not_disaster,False,not_disaster
"garage sale ngayong weekend, lahat bagsak presyo",not_disaster,False,not_disaster
nagpaparush sale ng laptop,not_disaster,False,not_disaster
palit washing machine sa refrigerator,not_disaster,False,not_disaster
"nag-aalok ng load delivery, pm lang",not_disaster,False,not_disaster
kumusta ang lahat? sana ay nasa mabuti kayong kalagayan.,not_disaster,False,not_disaster
masayang araw sa inyong lahat! anong mga plano niyo ngayong weekend?,not_disaster,False,not_disaster
"nag-enjoy kami sa family picnic kahapon sa park, ang saya!",not_disaster,False,not_disaster
"may mga paninda kaming ibinebenta, interesado ba kayo?",not_disaster,False,not_disaster
baka po may kilala kayo magtatabas ng tela salamat.,not_disaster,False,not_disaster
wheels and toyz,not_disaster,False,not_disaster
last 4 pcs men's auth shirts ❤️ mens cut closer to orig 🤩 take all 900 only retail 250,not_disaster,False,not_disaster
"available rider here pwede din pong malayuan. pm lang po kayo any pabili srp+minimal df lang po pila,victoria, area😊🛵",not_disaster,False,not_disaster
"𝐇𝐈𝐆𝐇 𝐒𝐏𝐄𝐂𝐒 𝐋𝐀𝐏𝐓𝐎𝐏 𝐅𝐎𝐑 𝐒𝐀𝐋𝐄 – 𝐃𝐄𝐋𝐋 𝐈𝐍𝐒𝐏𝐈𝐑𝐎𝐍 𝟕𝟒𝟔𝟎 💻 𝐈𝐍𝐓𝐄𝐋 𝐂𝐎𝐑𝐄 𝐈𝟕-𝟕𝐓𝐇 𝐆𝐄𝐍 | 𝟏𝟔𝐆𝐁 𝐑𝐀𝐌 | 𝟐𝟓𝟔𝐆𝐁 𝐒𝐒𝐃 🚀 dual graphics: ⚡nvidia geforce mx950 (2 gb) ⚡intel(r) uhd graphics 620 📺 special features: ✨ sleek & lightweight design ✨ full hd display ✨ built-in webcam ✨ usb 3.0 & type-c ports ✨ hdmi output 💸 16,999 only – fixed price 🎁 free original charger + microsoft apps + wired mouse + laptop bag",not_disaster,False,not_disaster
"ptpa🙏☺️♥️ hello po good day ma'am /sir 🔥🔥 bumibili po ako ng mga sirang alahas kahit putol putol bumibili ako o kahit buo 🔥 10k/12k/14k18k/21k/22k/24k!!! 👌mga papel di ahensya 👌mga walang kapares na hikaw 👌putol na kwintas 👌putol na bracelet 👌sirang singsing 👌sirang bangle 👌sirang angklet 👌o kahit mga lightweight 👌perang abroad 👌 white gold 👌platinum 👌diamond 💎 💯💯💯💯💯💯💯 direct pm lang po , meet up / pick up po ma'am sir 🔥 #noscammers #legitbuyer #legitgoldbuyer #noscammersallowed #goldbuyer",not_disaster,False,not_disaster
available pila rider any store po pwede malayuan malapitan with thermal bag no to payment first rain or shine📩🛵 ✅cake ✅bouquet/flowers ✅advance booking ✅pabili ✅pick up/deliver ✅pasuyo ✅pa-angkas ✅pasabuy ✅groceries ✅medicines srp+deliver fee only👌 direct message me on my account or call 09355691504 cash on delivery or gcash pwede po❤️ available pila/victoria/masapang/sta cruz📩🛵,not_disaster,False,not_disaster
"‼️ptpa‼️ tecno pova 6 pro 5g ----8.500---- negotiable sale or swap sa lower unit. complete package! specs: 12+12gb ram/256gb storage ‎dimensity 6080 (6nm) ‎6000mah ‎triple main camera 108 mp +2mp ‎32mp selfie camera ‎120hz refresh rate ‎on screen fingerprint ‎dynamic back light effect ‎dual stereo speaker ‎android 15 no issue rfs:extra phone meet up,pick up or deliver(add df)",not_disaster,False,not_disaster
lf mabilis mag styro cut ng names for backdrop mamaya need. sa pila lang sana,not_disaster,False,not_disaster
"your nails and lash deserve more than just pampering, let's make them bloom! ✨️💅🏻 🪄 homebased / home service nailtech 🪄 nail extensions can last long 1 to 2 months or more & it depends on costomers care 🪄 when you cancel an appointment, your dp is not refunded. (dp require long distance location)do 100.00 🪄 don't be late, i still have a client after you. so be on time & responsible. 🪄 no cancelation 🪄 we accept maya & cash basis 📍 oogong santa cruz laguna 🗓 monday to sunday 🕔 it depende open slot visit our page for more info & design and dm this page for your appointment or kindly message here 👇🏻 📩 whatsapp : 09311274521 📩 fb page : butterfly's lab 📩 fb acc : gelai devilla silvestre please don't forget to liked & follow ❤️ i hope to see you for our nail and lash session 💅🏻 see you ladies 😍 #nailtechinmanila #nailtechintondo #nailextensionsintondo #nailsnearme #nailstech #nailtechnician #nailsnailsnails #nailsofinstagram #nailextensions",not_disaster,False,not_disaster
open for barter ‼️ pantene conditioner 150ml 120 pick up only!,not_disaster,False,not_disaster
150 size 6 pick up,not_disaster,False,not_disaster
🤝,not_disaster,False,not_disaster
"available po sa friday september 19,2025 cutoff orders wednesday, september 17,2025, 8pm ‼️baker's fair hopia & pianono ‼️homemade cheesy beef lasagna ‼️chicken inasal ‼️chef rv's bibingka ‼️hola cafe ‼️first baker silvanas 🔥homemade cheesy beef lasagna ➡ rectangular tub - 160 🔥chicken inasal ☑️3-4 sticks - 320 🔥hola cafe ➡creamcheese ensaymadness 6-400 ➡assorted ensaymadness 6s - 395 ➡milky cheesebread bites 20-330 ➡assorted cheesebread bites 20-390 ➡ube creamcheese rolls 6-370 ➡double cheeserolls 6-370 ➡ensaymaditas 15-335 ➡duo rolls 6- 380 🔥chef rv's bibingka four cheese classic bibingka - 210 four cheese w chocnut - 230 four cheese w ube - 230 four cheese w yema - 240 pm na po sila 🙂",not_disaster,False,not_disaster
fs. study table free napo yung lagayan,not_disaster,False,not_disaster
ptpa. fs : pwede buo pede parts lang! pm..x125 motor star 2019 model running.,not_disaster,False,not_disaster
fs. 2pcs 20inches luggage for sale. good condition. pm me,not_disaster,False,not_disaster
"hi po, nagbebenta po ako ng mga pre-loved na damit, sapatos, bags at iba pa. pm lang po kayo kung interesado. salamat!",not_disaster,False,not_disaster
restaurant,not_disaster,False,not_disaster
cafe,not_disaster,False,not_disaster
fast food,not_disaster,False,not_disaster
delivery,not_disaster,False,not_disaster
"selling pre-loved shoes, still good condition.",not_disaster,False,not_disaster
"barter my blender for rice cooker, pm if interested.",not_disaster,False,not_disaster
"wheels and toyz available, dm for prices.",not_disaster,False,not_disaster
"looking for affordable baby stroller, budget 2k.",not_disaster,False,not_disaster
"for delivery: 1 kilo pork liempo, cod only.",not_disaster,False,not_disaster
"pre-order korean noodles, closing tonight.",not_disaster,False,not_disaster
"brand new bags for sale, cheap price.",not_disaster,False,not_disaster
any rider available to deliver groceries to pila?,not_disaster,False,not_disaster
"exchange my electric fan for rice, anyone?",not_disaster,False,not_disaster
"selling secondhand phone, slightly used.",not_disaster,False,not_disaster
"pasabuy sa sm calamba, pm your orders.",not_disaster,False,not_disaster
free delivery for 3 boxes of pizza today.,not_disaster,False,not_disaster
swap my helmet for a backpack.,not_disaster,False,not_disaster
"looking for ukay-ukay jacket, medium size.",not_disaster,False,not_disaster
"laptop bag for sale, p200 only.",not_disaster,False,not_disaster
"order fresh vegetables, free delivery pila area.",not_disaster,False,not_disaster
anyone selling bike parts?,not_disaster,False,not_disaster
trade my guitar for rice sacks.,not_disaster,False,not_disaster
"affordable home-cooked meals, message for menu.",not_disaster,False,not_disaster
"delivery service available, small fee lang.",not_disaster,False,not_disaster
"selling preloved kids clothes, p50 each.",not_disaster,False,not_disaster
accepting orders: leche flan and buko pie.,not_disaster,False,not_disaster
looking for secondhand washing machine.,not_disaster,False,not_disaster
barter my cabinet for chairs.,not_disaster,False,not_disaster
good morning pila group!,not_disaster,False,not_disaster
pm me if you have a rice cooker for sale.,not_disaster,False,not_disaster
looking for cheap motorcycle parts.,not_disaster,False,not_disaster
grab food delivery riders available now.,not_disaster,False,not_disaster
"selling toys, still complete set.",not_disaster,False,not_disaster
trade my books for groceries.,not_disaster,False,not_disaster
food delivery available 9am–9pm.,not_disaster,False,not_disaster
"ukay shoes for sale, pila meetup only.",not_disaster,False,not_disaster
buy 1 take 1 milk tea promo today.,not_disaster,False,not_disaster
swap my old phone for a microwave oven.,not_disaster,False,not_disaster
looking for supplier of eggs and chicken.,not_disaster,False,not_disaster
"for sale: sofa set, good condition.",not_disaster,False,not_disaster
"delivery rider needed, cod transactions.",not_disaster,False,not_disaster
swap electric kettle for 2kg of rice.,not_disaster,False,not_disaster
"selling preloved dresses, negotiable.",not_disaster,False,not_disaster
"order pancit bilao, free delivery around town.",not_disaster,False,not_disaster
looking for secondhand refrigerator.,not_disaster,False,not_disaster
barter my rice cooker for a blender.,not_disaster,False,not_disaster
"selling brand new t-shirts, 100 pesos each.",not_disaster,False,not_disaster
"available grocery delivery, pm for rates.",not_disaster,False,not_disaster
"looking for tv stand, cheap lang.",not_disaster,False,not_disaster
barter my table for rice.,not_disaster,False,not_disaster
"selling home appliances, slightly used.",not_disaster,False,not_disaster
"pasabuy groceries sa puregold, closing 5pm.",not_disaster,False,not_disaster
anyone selling baby crib?,not_disaster,False,not_disaster
happy sunday everyone! stay safe.,not_disaster,False,not_disaster
"grabe yung baha dito sa amin, hanggang tuhod na.",disaster,True,flood
"lindol kanina, ang lakas! ingat mga kapitbahay.",disaster,True,flood
walang kuryente buong araw dahil sa bagyo.,disaster,True,typhoon
"malakas ang ulan, bumaha agad sa kalsada.",disaster,True,flood
"sumabog yung bulkang malapit, ang daming abo.",disaster,True,other
"flashflood alert sa laguna area, maghanda po lahat.",disaster,True,flood
nawasak yung tulay dahil sa malakas na ulan.,disaster,True,typhoon
"signal #3 na raw, walang pasok bukas.",disaster,True,typhoon
ang daming landslide sa kalsada papuntang baguio.,disaster,True,landslide
"sunog sa kabilang barangay, daming nasunugan.",disaster,True,fire
"may tornado na malapit sa amin, lahat nag-evacuate.",disaster,True,other
"bumigay yung dam, nag overflow yung tubig.",disaster,True,flood
"aftershock pa rin nararamdaman, nakakakaba.",disaster,True,earthquake
mga poste natumba dahil sa hangin ng bagyo.,disaster,True,typhoon
nabasag yung bintana sa sobrang lakas ng hangin.,disaster,True,other
nagdulot ng landslide yung malakas na ulan.,disaster,True,typhoon
"nagkaroon ng sinkhole sa highway, delikado.",disaster,True,other
"yung tulay sira na, hindi na madaanan.",disaster,True,other
bumagsak yung bubong ng bahay namin sa bagyo.,disaster,True,flood
ang daming evacuees sa covered court.,disaster,True,other
walang signal at internet dahil sa bagyo.,disaster,True,typhoon
ang init ng abo mula sa bulkang sumabog.,disaster,True,other
nag collapse yung gusali dahil sa lindol.,disaster,True,earthquake
may mga nahulog na puno sa kalsada.,disaster,True,other
ang daming stranded na pasahero sa pier.,disaster,True,other
nawasak yung palengke dahil sa apoy.,disaster,True,fire
nag landslide ulit sa benguet area.,disaster,True,landslide
flashflood pumasok sa bahay ng kapitbahay.,disaster,True,flood
nag iba kulay ng langit dahil sa abo.,disaster,True,other
may nagkaroon ng sunog sa palengke.,disaster,True,fire
mga tao nag-evacuate na dahil sa tsunami alert.,disaster,True,other
nawasak yung bahay dahil sa apoy.,disaster,True,fire
"bumigay yung kalsada, may malalim na butas.",disaster,True,other
nagka blackout buong bayan.,disaster,True,other
"may malakas na lindol, tumba lahat ng gamit.",disaster,True,earthquake
nagkaroon ng gas leak at sumabog.,disaster,True,other
mga poste ng kuryente nagtilapon.,disaster,True,other
nagkasunog sa apartment kahapon.,disaster,True,fire
"yung ilog umapaw, baha buong barangay.",disaster,True,flood
mga tao nagtatakbuhan dahil sa apoy.,disaster,True,fire
nagkaroon ng oil spill sa dagat.,disaster,True,other
mga bangka natabunan ng malakas na alon.,disaster,True,other
ang daming nasirang bahay dahil sa bagyo.,disaster,True,flood
nag landslide sa gilid ng bundok.,disaster,True,landslide
nabiyak yung lupa pagkatapos ng lindol.,disaster,True,earthquake
mga bata umiiyak sa evacuation center.,disaster,True,other
nagkaroon ng chemical leak sa planta.,disaster,True,other
nasunog yung warehouse sa may highway.,disaster,True,fire
nagkaroon ng blackout buong region.,disaster,True,other
sumabog yung planta ng kuryente.,disaster,True,other
nagkaroon ng pagsabog sa pabrika.,disaster,True,other
mga tindahan nasunog kagabi.,disaster,True,fire
mga tao nagpanic sa aftershock.,disaster,True,earthquake
nabaha buong subdivision.,disaster,True,flood
nagkaroon ng landslide sa kalsada.,disaster,True,landslide
nawasak yung eskwelahan sa bagyo.,disaster,True,typhoon
mga tao stranded sa terminal.,disaster,True,other
nagkaroon ng lindol kagabi.,disaster,True,earthquake
nabagsakan ng puno yung kotse.,disaster,True,other
nagkaroon ng sunog sa mall.,disaster,True,fire
mga poste ng ilaw natumba.,disaster,True,other
nagkaroon ng baha sa bayan.,disaster,True,flood
mga bahay binaha ulit.,disaster,True,flood
mga bubong natangay ng hangin.,disaster,True,other
nagkaroon ng aftershock ulit.,disaster,True,earthquake
sumabog yung lpg tank.,disaster,True,other
nag landslide sa bundok.,disaster,True,landslide
nagkaroon ng oil spill.,disaster,True,other
nagkasunog sa eskwela.,disaster,True,fire
nawasak yung bubong.,disaster,True,other
nagkaroon ng blackout.,disaster,True,other
nag landslide ulit.,disaster,True,landslide
nabaha buong bayan.,disaster,True,flood
nagkaroon ng lindol.,disaster,True,earthquake
nasunog yung bahay.,disaster,True,fire
nag flashflood.,disaster,True,flood
signal #4 na.,disaster,True,typhoon
nabaha ulit.,disaster,True,flood
sunog ulit.,disaster,True,fire
bagyo raw.,disaster,True,typhoon
nabaha.,disaster,True,flood
lindol.,disaster,True,earthquake
"malakas na ulan, binaha ang kalsada.",disaster,True,flood
bumagsak ang gusali dahil sa lindol.,disaster,True,earthquake
mga tao na-trap sa baha.,disaster,True,flood
nagkaroon ng landslide sa benguet.,disaster,True,landslide
nag collapse ang tulay sa probinsya.,disaster,True,other
"sunog sa may palengke, kumalat agad.",disaster,True,fire
nawasak ang bahay ng kapitbahay.,disaster,True,flood
nagkaroon ng sinkhole sa edsa.,disaster,True,other
nagkaroon ng tsunami alert.,disaster,True,other
nagkaroon ng sunog sa eskwelahan.,disaster,True,fire
sumabog ang gas station.,disaster,True,other
nagkaroon ng bagyo kagabi.,disaster,True,typhoon
nawasak ang poste ng kuryente.,disaster,True,other
mga puno natumba.,disaster,True,other
nabaha sa buong barangay.,disaster,True,flood
mga bahay natangay ng baha.,disaster,True,flood
nagkaroon ng blackout sa bayan.,disaster,True,other
nagkaroon ng sunog sa ospital.,disaster,True,fire
nagkaroon ng lindol sa probinsya.,disaster,True,earthquake
malakas na aftershock naramdaman.,disaster,True,earthquake
mga tao nag evacuate.,disaster,True,other
nagkaroon ng fire alert.,disaster,True,fire
mga bata umiiyak sa baha.,disaster,True,flood
nagkaroon ng storm surge.,disaster,True,typhoon
mga kotse inanod ng baha.,disaster,True,flood
nasunog ang bahay kagabi.,disaster,True,fire
nagkaroon ng biglaang pagbaha.,disaster,True,flood
nag landslide sa gilid ng kalsada.,disaster,True,landslide
nagkaroon ng sunog sa building.,disaster,True,fire
nagkaroon ng fire drill dahil sa sunog.,disaster,True,fire
nagkaroon ng blackout kagabi.,disaster,True,other
signal #2 na raw.,disaster,True,typhoon
nagkaroon ng chemical spill.,disaster,True,other
nagkaroon ng oil leak sa dagat.,disaster,True,other
mga tao stranded sa daan.,disaster,True,other
nagkaroon ng baha sa maynila.,disaster,True,flood
nasunog ang tindahan kagabi.,disaster,True,fire
nagkaroon ng landslide sa bundok.,disaster,True,landslide
mga gusali nasira dahil sa lindol.,disaster,True,earthquake
nagkaroon ng lindol ulit.,disaster,True,earthquake
nagkaroon ng sunog ulit.,disaster,True,fire
nagkaroon ng flashflood sa bayan.,disaster,True,flood
nawasak ang bubong ng paaralan.,disaster,True,other
nagkaroon ng storm alert.,disaster,True,typhoon
nagkaroon ng eruption sa bulkan.,disaster,True,other
mga tao nasa evacuation center.,disaster,True,other
nagkaroon ng malaking sunog.,disaster,True,fire
nagkaroon ng baha ulit.,disaster,True,flood
nagkaroon ng landslide ulit.,disaster,True,landslide
sunog sa palengke kagabi.,disaster,True,fire
nagkaroon ng chemical explosion.,disaster,True,other
nagkaroon ng flashflood ulit.,disaster,True,flood
nagkaroon ng storm surge ulit.,disaster,True,typhoon
"iphone 13 pro max for sale, pm me.",not_disaster,False,not_disaster
sarap ng bagong luto na samgyup.,not_disaster,False,not_disaster
shopee haul! ang dami kong nakuha.,not_disaster,False,not_disaster
"selling preloved clothes, mura lang.",not_disaster,False,not_disaster
"order na kayo ng milk tea, buy 1 take 1.",not_disaster,False,not_disaster
"laptop for sale, negotiable price.",not_disaster,False,not_disaster
nag foodtrip kami kagabi.,not_disaster,False,not_disaster
"new sneakers available, limited stocks.",not_disaster,False,not_disaster
"samsung galaxy s22, pm for price.",not_disaster,False,not_disaster
kape tayo sa bagong cafe.,not_disaster,False,not_disaster
buy 1 take 1 pizza promo today!,not_disaster,False,not_disaster
"order na ng takoyaki, masarap.",not_disaster,False,not_disaster
macbook air for sale.,not_disaster,False,not_disaster
nag mall kami kanina.,not_disaster,False,not_disaster
"new shoes drop, pm now.",not_disaster,False,not_disaster
sarap ng ramen dito sa shop.,not_disaster,False,not_disaster
brand new bags for sale.,not_disaster,False,not_disaster
nag outing kami sa beach.,not_disaster,False,not_disaster
"burger and fries combo, order now.",not_disaster,False,not_disaster
"canon camera for sale, negotiable.",not_disaster,False,not_disaster
buy 1 take 1 milk tea.,not_disaster,False,not_disaster
"airpods for sale, legit.",not_disaster,False,not_disaster
nag roadtrip kami kahapon.,not_disaster,False,not_disaster
"ps5 available, pm me.",not_disaster,False,not_disaster
bagong bukas na cafe.,not_disaster,False,not_disaster
pizza promo ngayon.,not_disaster,False,not_disaster
oppo reno phone for sale.,not_disaster,False,not_disaster
nag swimming kami kanina.,not_disaster,False,not_disaster
chicken wings promo today.,not_disaster,False,not_disaster
smartwatch for sale.,not_disaster,False,not_disaster
nag shopping kami sa mall.,not_disaster,False,not_disaster
headphones available now.,not_disaster,False,not_disaster
takoyaki 5pcs for 50.,not_disaster,False,not_disaster
clothes bundle sale.,not_disaster,False,not_disaster
nag gala kami sa park.,not_disaster,False,not_disaster
shoes sale up to 50%.,not_disaster,False,not_disaster
lazada sale haul.,not_disaster,False,not_disaster
gaming laptop available.,not_disaster,False,not_disaster
buy 1 free 1 burger.,not_disaster,False,not_disaster
nag inuman kami kagabi.,not_disaster,False,not_disaster
watch for sale.,not_disaster,False,not_disaster
bagong restaurant opening.,not_disaster,False,not_disaster
smartphone sale promo.,not_disaster,False,not_disaster
nag kape kami sa cafe.,not_disaster,False,not_disaster
"tv for sale, pm.",not_disaster,False,not_disaster
nag movie kami sa mall.,not_disaster,False,not_disaster
new restaurant in town.,not_disaster,False,not_disaster
shoes for sale.,not_disaster,False,not_disaster
order food delivery now.,not_disaster,False,not_disaster
motorcycle for sale.,not_disaster,False,not_disaster
new clothes available.,not_disaster,False,not_disaster
nag travel kami.,not_disaster,False,not_disaster
gaming pc for sale.,not_disaster,False,not_disaster
order na ng fries.,not_disaster,False,not_disaster
smartphone available.,not_disaster,False,not_disaster
nag swimming ulit.,not_disaster,False,not_disaster
tablet for sale.,not_disaster,False,not_disaster
milk tea promo.,not_disaster,False,not_disaster
camera lens for sale.,not_disaster,False,not_disaster
nag jogging kami.,not_disaster,False,not_disaster
pizza buy 1 take 1.,not_disaster,False,not_disaster
shoes bundle sale.,not_disaster,False,not_disaster
nag gala kami ulit.,not_disaster,False,not_disaster
smartwatch promo.,not_disaster,False,not_disaster
furniture for sale.,not_disaster,False,not_disaster
nag mall ulit.,not_disaster,False,not_disaster
food promo today.,not_disaster,False,not_disaster
desktop for sale.,not_disaster,False,not_disaster
nag lakad kami.,not_disaster,False,not_disaster
headset available.,not_disaster,False,not_disaster
food delivery now.,not_disaster,False,not_disaster
speaker for sale.,not_disaster,False,not_disaster
nag laro kami.,not_disaster,False,not_disaster
phone promo sale.,not_disaster,False,not_disaster
burger for sale.,not_disaster,False,not_disaster
nag shop ulit.,not_disaster,False,not_disaster
tv sale now.,not_disaster,False,not_disaster
bike for sale.,not_disaster,False,not_disaster
nag kain kami.,not_disaster,False,not_disaster
pizza promo.,not_disaster,False,not_disaster
car for sale.,not_disaster,False,not_disaster
nag inom kami.,not_disaster,False,not_disaster
food for sale.,not_disaster,False,not_disaster
shoes promo.,not_disaster,False,not_disaster
nag gala ulit.,not_disaster,False,not_disaster
tablet sale.,not_disaster,False,not_disaster
watch promo.,not_disaster,False,not_disaster
nag mall kami.,not_disaster,False,not_disaster
laptop promo.,not_disaster,False,not_disaster
new clothes.,not_disaster,False,not_disaster
nag travel.,not_disaster,False,not_disaster
sale now.,not_disaster,False,not_disaster
burger.,not_disaster,False,not_disaster
"new phone for sale, pm now.",not_disaster,False,not_disaster
order na ng ramen bowl.,not_disaster,False,not_disaster
sarap ng milk tea dito.,not_disaster,False,not_disaster
nag roadtrip ulit kami.,not_disaster,False,not_disaster
limited sneakers drop.,not_disaster,False,not_disaster
buy 1 take 1 shawarma.,not_disaster,False,not_disaster
new gadgets for sale.,not_disaster,False,not_disaster
nag outing kami ulit.,not_disaster,False,not_disaster
pizza bundle promo.,not_disaster,False,not_disaster
smartwatch available.,not_disaster,False,not_disaster
nag foodtrip ulit kami.,not_disaster,False,not_disaster
brand new laptop sale.,not_disaster,False,not_disaster
burger combo meal.,not_disaster,False,not_disaster
clothes clearance sale.,not_disaster,False,not_disaster
nag shopping ulit.,not_disaster,False,not_disaster
furniture clearance.,not_disaster,False,not_disaster
new cafe in town.,not_disaster,False,not_disaster
order ng sushi platter.,not_disaster,False,not_disaster
headphones for sale.,not_disaster,False,not_disaster
nag travel ulit.,not_disaster,False,not_disaster
tablet available now.,not_disaster,False,not_disaster
tv discount promo.,not_disaster,False,not_disaster
new restaurant promo.,not_disaster,False,not_disaster
gaming chair sale.,not_disaster,False,not_disaster
order na ng burger.,not_disaster,False,not_disaster
camera available.,not_disaster,False,not_disaster
nag mall ulit kami.,not_disaster,False,not_disaster
smartphone discount.,not_disaster,False,not_disaster
order ng fries combo.,not_disaster,False,not_disaster
new smartwatch drop.,not_disaster,False,not_disaster
pizza promo ulit.,not_disaster,False,not_disaster
sale ng damit.,not_disaster,False,not_disaster
speaker promo.,not_disaster,False,not_disaster
order na ng milk tea.,not_disaster,False,not_disaster
new phone drop.,not_disaster,False,not_disaster
grabe sunog dito sa amin.,disaster,True,fire
ang daming tao kasi sunog sa barangay.,disaster,True,fire
nabalitaan ko na sunog sa probinsya.,disaster,True,fire
grabe nasunugan dito sa amin.,disaster,True,fire
ang daming tao kasi nasunugan sa barangay.,disaster,True,fire
nabalitaan ko na nasunugan sa probinsya.,disaster,True,fire
grabe nagkasunog dito sa amin.,disaster,True,fire
ang daming tao kasi nagkasunog sa barangay.,disaster,True,fire
nabalitaan ko na nagkasunog sa probinsya.,disaster,True,fire
grabe nagsunog dito sa amin.,disaster,True,fire
ang daming tao kasi nagsunog sa barangay.,disaster,True,fire
nabalitaan ko na nagsunog sa probinsya.,disaster,True,fire
grabe nasusunog dito sa amin.,disaster,True,fire
ang daming tao kasi nasusunog sa barangay.,disaster,True,fire
nabalitaan ko na nasusunog sa probinsya.,disaster,True,fire
grabe baha dito sa amin.,disaster,True,flood
ang daming tao kasi baha sa barangay.,disaster,True,flood
nabalitaan ko na baha sa probinsya.,disaster,True,flood
grabe binaha dito sa amin.,disaster,True,flood
ang daming tao kasi binaha sa barangay.,disaster,True,flood
nabalitaan ko na binaha sa probinsya.,disaster,True,flood
grabe bumaha dito sa amin.,disaster,True,flood
ang daming tao kasi bumaha sa barangay.,disaster,True,flood
nabalitaan ko na bumaha sa probinsya.,disaster,True,flood
grabe nagkabaha dito sa amin.,disaster,True,flood
ang daming tao kasi nagkabaha sa barangay.,disaster,True,flood
nabalitaan ko na nagkabaha sa probinsya.,disaster,True,flood
grabe lindol dito sa amin.,disaster,True,earthquake
ang daming tao kasi lindol sa barangay.,disaster,True,earthquake
nabalitaan ko na lindol sa probinsya.,disaster,True,earthquake
grabe lumindol dito sa amin.,disaster,True,earthquake
ang daming tao kasi lumindol sa barangay.,disaster,True,earthquake
nabalitaan ko na lumindol sa probinsya.,disaster,True,earthquake
grabe nilindol dito sa amin.,disaster,True,earthquake
ang daming tao kasi nilindol sa barangay.,disaster,True,earthquake
nabalitaan ko na nilindol sa probinsya.,disaster,True,earthquake
grabe naglindol dito sa amin.,disaster,True,earthquake
ang daming tao kasi naglindol sa barangay.,disaster,True,earthquake
nabalitaan ko na naglindol sa probinsya.,disaster,True,earthquake
grabe bagyo dito sa amin.,disaster,True,typhoon
ang daming tao kasi bagyo sa barangay.,disaster,True,typhoon
nabalitaan ko na bagyo sa probinsya.,disaster,True,typhoon
grabe bumagyo dito sa amin.,disaster,True,typhoon
ang daming tao kasi bumagyo sa barangay.,disaster,True,typhoon
nabalitaan ko na bumagyo sa probinsya.,disaster,True,typhoon
grabe binagyo dito sa amin.,disaster,True,typhoon
ang daming tao kasi binagyo sa barangay.,disaster,True,typhoon
nabalitaan ko na binagyo sa probinsya.,disaster,True,typhoon
grabe nagbagyo dito sa amin.,disaster,True,typhoon
ang daming tao kasi nagbagyo sa barangay.,disaster,True,typhoon
nabalitaan ko na nagbagyo sa probinsya.,disaster,True,typhoon
grabe landslide dito sa amin.,disaster,True,landslide
ang daming tao kasi landslide sa barangay.,disaster,True,landslide
nabalitaan ko na landslide sa probinsya.,disaster,True,landslide
grabe gumuho dito sa amin.,disaster,True,landslide
ang daming tao kasi gumuho sa barangay.,disaster,True,landslide
nabalitaan ko na gumuho sa probinsya.,disaster,True,landslide
grabe gumuhong lupa dito sa amin.,disaster,True,landslide
ang daming tao kasi gumuhong lupa sa barangay.,disaster,True,landslide
nabalitaan ko na gumuhong lupa sa probinsya.,disaster,True,landslide
"for sale ng iphone 14 pro max, pm me.",not_disaster,False,not_disaster
promo ngayon! for sale ng milk tea.,not_disaster,False,not_disaster
ang daming for sale na pagkain sa food park.,not_disaster,False,not_disaster
"binebenta ng iphone 14 pro max, pm me.",not_disaster,False,not_disaster
promo ngayon! binebenta ng milk tea.,not_disaster,False,not_disaster
ang daming binebenta na pagkain sa food park.,not_disaster,False,not_disaster
"ibinebenta ng iphone 14 pro max, pm me.",not_disaster,False,not_disaster
promo ngayon! ibinebenta ng milk tea.,not_disaster,False,not_disaster
ang daming ibinebenta na pagkain sa food park.,not_disaster,False,not_disaster
"bentahan ng iphone 14 pro max, pm me.",not_disaster,False,not_disaster
promo ngayon! bentahan ng milk tea.,not_disaster,False,not_disaster
ang daming bentahan na pagkain sa food park.,not_disaster,False,not_disaster
"sale ngayon ng iphone 14 pro max, pm me.",not_disaster,False,not_disaster
promo ngayon! sale ngayon ng milk tea.,not_disaster,False,not_disaster
ang daming sale ngayon na pagkain sa food park.,not_disaster,False,not_disaster
"order ng iphone 14 pro max, pm me.",not_disaster,False,not_disaster
promo ngayon! order ng milk tea.,not_disaster,False,not_disaster
ang daming order na pagkain sa food park.,not_disaster,False,not_disaster
"umorder ng iphone 14 pro max, pm me.",not_disaster,False,not_disaster
promo ngayon! umorder ng milk tea.,not_disaster,False,not_disaster
ang daming umorder na pagkain sa food park.,not_disaster,False,not_disaster
"nag-order ng iphone 14 pro max, pm me.",not_disaster,False,not_disaster
promo ngayon! nag-order ng milk tea.,not_disaster,False,not_disaster
ang daming nag-order na pagkain sa food park.,not_disaster,False,not_disaster
"inorder ng iphone 14 pro max, pm me.",not_disaster,False,not_disaster
promo ngayon! inorder ng milk tea.,not_disaster,False,not_disaster
ang daming inorder na pagkain sa food park.,not_disaster,False,not_disaster
"kain ng iphone 14 pro max, pm me.",not_disaster,False,not_disaster
promo ngayon! kain ng milk tea.,not_disaster,False,not_disaster
ang daming kain na pagkain sa food park.,not_disaster,False,not_disaster
"kumain ng iphone 14 pro max, pm me.",not_disaster,False,not_disaster
promo ngayon! kumain ng milk tea.,not_disaster,False,not_disaster
ang daming kumain na pagkain sa food park.,not_disaster,False,not_disaster
"kainan ng iphone 14 pro max, pm me.",not_disaster,False,not_disaster
promo ngayon! kainan ng milk tea.,not_disaster,False,not_disaster
ang daming kainan na pagkain sa food park.,not_disaster,False,not_disaster
"nagkainan ng iphone 14 pro max, pm me.",not_disaster,False,not_disaster
promo ngayon! nagkainan ng milk tea.,not_disaster,False,not_disaster
ang daming nagkainan na pagkain sa food park.,not_disaster,False,not_disaster
"bili ng iphone 14 pro max, pm me.",not_disaster,False,not_disaster
promo ngayon! bili ng milk tea.,not_disaster,False,not_disaster
ang daming bili na pagkain sa food park.,not_disaster,False,not_disaster
"bumili ng iphone 14 pro max, pm me.",not_disaster,False,not_disaster
promo ngayon! bumili ng milk tea.,not_disaster,False,not_disaster
ang daming bumili na pagkain sa food park.,not_disaster,False,not_disaster
"nagbili ng iphone 14 pro max, pm me.",not_disaster,False,not_disaster
promo ngayon! nagbili ng milk tea.,not_disaster,False,not_disaster
ang daming nagbili na pagkain sa food park.,not_disaster,False,not_disaster
"binili ng iphone 14 pro max, pm me.",not_disaster,False,not_disaster
promo ngayon! binili ng milk tea.,not_disaster,False,not_disaster
ang daming binili na pagkain sa food park.,not_disaster,False,not_disaster
"pagbebenta ng iphone 14 pro max, pm me.",not_disaster,False,not_disaster
promo ngayon! pagbebenta ng milk tea.,not_disaster,False,not_disaster
ang daming pagbebenta na pagkain sa food park.,not_disaster,False,not_disaster
there was a report of sunog in the city.,disaster,True,fire
"ingat mga kapitbahay, may sunog kanina.",disaster,True,fire
there was a report of nasunugan in the city.,disaster,True,fire
"ingat mga kapitbahay, may nasunugan kanina.",disaster,True,fire
there was a report of nagkasunog in the city.,disaster,True,fire
"ingat mga kapitbahay, may nagkasunog kanina.",disaster,True,fire
there was a report of nagsunog in the city.,disaster,True,fire
"ingat mga kapitbahay, may nagsunog kanina.",disaster,True,fire
there was a report of nasusunog in the city.,disaster,True,fire
"ingat mga kapitbahay, may nasusunog kanina.",disaster,True,fire
grabe fire dito sa amin.,disaster,True,fire
ang daming tao kasi fire sa barangay.,disaster,True,fire
nabalitaan ko na fire sa probinsya.,disaster,True,fire
there was a report of fire in the city.,disaster,True,fire
"ingat mga kapitbahay, may fire kanina.",disaster,True,fire
grabe house on fire dito sa amin.,disaster,True,fire
ang daming tao kasi house on fire sa barangay.,disaster,True,fire
nabalitaan ko na house on fire sa probinsya.,disaster,True,fire
there was a report of house on fire in the city.,disaster,True,fire
"ingat mga kapitbahay, may house on fire kanina.",disaster,True,fire
grabe burning building dito sa amin.,disaster,True,fire
ang daming tao kasi burning building sa barangay.,disaster,True,fire
nabalitaan ko na burning building sa probinsya.,disaster,True,fire
there was a report of burning building in the city.,disaster,True,fire
"ingat mga kapitbahay, may burning building kanina.",disaster,True,fire
there was a report of baha in the city.,disaster,True,flood
"ingat mga kapitbahay, may baha kanina.",disaster,True,flood
there was a report of binaha in the city.,disaster,True,flood
"ingat mga kapitbahay, may binaha kanina.",disaster,True,flood
there was a report of bumaha in the city.,disaster,True,flood
"ingat mga kapitbahay, may bumaha kanina.",disaster,True,flood
there was a report of nagkabaha in the city.,disaster,True,flood
"ingat mga kapitbahay, may nagkabaha kanina.",disaster,True,flood
grabe flash flood dito sa amin.,disaster,True,flood
ang daming tao kasi flash flood sa barangay.,disaster,True,flood
nabalitaan ko na flash flood sa probinsya.,disaster,True,flood
there was a report of flash flood in the city.,disaster,True,flood
"ingat mga kapitbahay, may flash flood kanina.",disaster,True,flood
grabe flooded dito sa amin.,disaster,True,flood
ang daming tao kasi flooded sa barangay.,disaster,True,flood
nabalitaan ko na flooded sa probinsya.,disaster,True,flood
there was a report of flooded in the city.,disaster,True,flood
"ingat mga kapitbahay, may flooded kanina.",disaster,True,flood
grabe overflowing river dito sa amin.,disaster,True,flood
ang daming tao kasi overflowing river sa barangay.,disaster,True,flood
nabalitaan ko na overflowing river sa probinsya.,disaster,True,flood
there was a report of overflowing river in the city.,disaster,True,flood
"ingat mga kapitbahay, may overflowing river kanina.",disaster,True,flood
there was a report of lindol in the city.,disaster,True,earthquake
"ingat mga kapitbahay, may lindol kanina.",disaster,True,flood
there was a report of lumindol in the city.,disaster,True,earthquake
"ingat mga kapitbahay, may lumindol kanina.",disaster,True,flood
there was a report of nilindol in the city.,disaster,True,earthquake
"ingat mga kapitbahay, may nilindol kanina.",disaster,True,flood
there was a report of naglindol in the city.,disaster,True,earthquake
"ingat mga kapitbahay, may naglindol kanina.",disaster,True,flood
grabe earthquake dito sa amin.,disaster,True,earthquake
ang daming tao kasi earthquake sa barangay.,disaster,True,earthquake
nabalitaan ko na earthquake sa probinsya.,disaster,True,earthquake
there was a report of earthquake in the city.,disaster,True,earthquake
"ingat mga kapitbahay, may earthquake kanina.",disaster,True,flood
grabe aftershock dito sa amin.,disaster,True,earthquake
ang daming tao kasi aftershock sa barangay.,disaster,True,earthquake
nabalitaan ko na aftershock sa probinsya.,disaster,True,earthquake
there was a report of aftershock in the city.,disaster,True,earthquake
"ingat mga kapitbahay, may aftershock kanina.",disaster,True,flood
grabe strong quake dito sa amin.,disaster,True,earthquake
ang daming tao kasi strong quake sa barangay.,disaster,True,earthquake
nabalitaan ko na strong quake sa probinsya.,disaster,True,earthquake
there was a report of strong quake in the city.,disaster,True,earthquake
"ingat mga kapitbahay, may strong quake kanina.",disaster,True,flood
there was a report of bagyo in the city.,disaster,True,typhoon
"ingat mga kapitbahay, may bagyo kanina.",disaster,True,flood
there was a report of bumagyo in the city.,disaster,True,typhoon
"ingat mga kapitbahay, may bumagyo kanina.",disaster,True,flood
there was a report of binagyo in the city.,disaster,True,typhoon
"ingat mga kapitbahay, may binagyo kanina.",disaster,True,flood
there was a report of nagbagyo in the city.,disaster,True,typhoon
"ingat mga kapitbahay, may nagbagyo kanina.",disaster,True,flood
grabe typhoon dito sa amin.,disaster,True,typhoon
ang daming tao kasi typhoon sa barangay.,disaster,True,typhoon
nabalitaan ko na typhoon sa probinsya.,disaster,True,typhoon
there was a report of typhoon in the city.,disaster,True,typhoon
"ingat mga kapitbahay, may typhoon kanina.",disaster,True,flood
grabe storm surge dito sa amin.,disaster,True,typhoon
ang daming tao kasi storm surge sa barangay.,disaster,True,typhoon
nabalitaan ko na storm surge sa probinsya.,disaster,True,typhoon
there was a report of storm surge in the city.,disaster,True,typhoon
"ingat mga kapitbahay, may storm surge kanina.",disaster,True,flood
grabe signal no. 3 dito sa amin.,disaster,True,typhoon
ang daming tao kasi signal no. 3 sa barangay.,disaster,True,typhoon
nabalitaan ko na signal no. 3 sa probinsya.,disaster,True,typhoon
there was a report of signal no. 3 in the city.,disaster,True,typhoon
"ingat mga kapitbahay, may signal no. 3 kanina.",disaster,True,flood
grabe super typhoon dito sa amin.,disaster,True,typhoon
ang daming tao kasi super typhoon sa barangay.,disaster,True,typhoon
nabalitaan ko na super typhoon sa probinsya.,disaster,True,typhoon
there was a report of super typhoon in the city.,disaster,True,typhoon
"ingat mga kapitbahay, may super typhoon kanina.",disaster,True,flood
grabe ulan dito sa amin.,disaster,True,typhoon
ang daming tao kasi ulan sa barangay.,disaster,True,typhoon
nabalitaan ko na ulan sa probinsya.,disaster,True,typhoon
there was a report of ulan in the city.,disaster,True,typhoon
"ingat mga kapitbahay, may ulan kanina.",disaster,True,flood
grabe malakas na ulan dito sa amin.,disaster,True,typhoon
ang daming tao kasi malakas na ulan sa barangay.,disaster,True,typhoon
nabalitaan ko na malakas na ulan sa probinsya.,disaster,True,typhoon
there was a report of malakas na ulan in the city.,disaster,True,typhoon
"ingat mga kapitbahay, may malakas na ulan kanina.",disaster,True,flood
grabe torrential rain dito sa amin.,disaster,True,other
ang daming tao kasi torrential rain sa barangay.,disaster,True,other
nabalitaan ko na torrential rain sa probinsya.,disaster,True,other
there was a report of torrential rain in the city.,disaster,True,other
"ingat mga kapitbahay, may torrential rain kanina.",disaster,True,flood
grabe heavy rains dito sa amin.,disaster,True,other
ang daming tao kasi heavy rains sa barangay.,disaster,True,other
nabalitaan ko na heavy rains sa probinsya.,disaster,True,other
there was a report of heavy rains in the city.,disaster,True,other
"ingat mga kapitbahay, may heavy rains kanina.",disaster,True,flood
there was a report of landslide in the city.,disaster,True,landslide
"ingat mga kapitbahay, may landslide kanina.",disaster,True,flood
there was a report of gumuho in the city.,disaster,True,landslide
"ingat mga kapitbahay, may gumuho kanina.",disaster,True,flood
there was a report of gumuhong lupa in the city.,disaster,True,landslide
"ingat mga kapitbahay, may gumuhong lupa kanina.",disaster,True,flood
"check out this shop, maraming for sale.",not_disaster,False,not_disaster
latest deal: for sale items today!,not_disaster,False,not_disaster
"check out this shop, maraming binebenta.",not_disaster,False,not_disaster
latest deal: binebenta items today!,not_disaster,False,not_disaster
"check out this shop, maraming ibinebenta.",not_disaster,False,not_disaster
latest deal: ibinebenta items today!,not_disaster,False,not_disaster
"check out this shop, maraming bentahan.",not_disaster,False,not_disaster
latest deal: bentahan items today!,not_disaster,False,not_disaster
"check out this shop, maraming sale ngayon.",not_disaster,False,not_disaster
latest deal: sale ngayon items today!,not_disaster,False,not_disaster
"promo ng iphone 14 pro max, pm me.",not_disaster,False,not_disaster
promo ngayon! promo ng milk tea.,not_disaster,False,not_disaster
ang daming promo na pagkain sa food park.,not_disaster,False,not_disaster
"check out this shop, maraming promo.",not_disaster,False,not_disaster
latest deal: promo items today!,not_disaster,False,not_disaster
"discount ng iphone 14 pro max, pm me.",not_disaster,False,not_disaster
promo ngayon! discount ng milk tea.,not_disaster,False,not_disaster
ang daming discount na pagkain sa food park.,not_disaster,False,not_disaster
"check out this shop, maraming discount.",not_disaster,False,not_disaster
latest deal: discount items today!,not_disaster,False,not_disaster
"check out this shop, maraming order.",not_disaster,False,not_disaster
latest deal: order items today!,not_disaster,False,not_disaster
"check out this shop, maraming umorder.",not_disaster,False,not_disaster
latest deal: umorder items today!,not_disaster,False,not_disaster
"check out this shop, maraming nag-order.",not_disaster,False,not_disaster
latest deal: nag-order items today!,not_disaster,False,not_disaster
"check out this shop, maraming inorder.",not_disaster,False,not_disaster
latest deal: inorder items today!,not_disaster,False,not_disaster
"place your order ng iphone 14 pro max, pm me.",not_disaster,False,not_disaster
promo ngayon! place your order ng milk tea.,not_disaster,False,not_disaster
ang daming place your order na pagkain sa food park.,not_disaster,False,not_disaster
"check out this shop, maraming place your order.",not_disaster,False,not_disaster
latest deal: place your order items today!,not_disaster,False,not_disaster
"takeout ng iphone 14 pro max, pm me.",not_disaster,False,not_disaster
promo ngayon! takeout ng milk tea.,not_disaster,False,not_disaster
ang daming takeout na pagkain sa food park.,not_disaster,False,not_disaster
"check out this shop, maraming takeout.",not_disaster,False,not_disaster
latest deal: takeout items today!,not_disaster,False,not_disaster
"delivery ng iphone 14 pro max, pm me.",not_disaster,False,not_disaster
promo ngayon! delivery ng milk tea.,not_disaster,False,not_disaster
ang daming delivery na pagkain sa food park.,not_disaster,False,not_disaster
"check out this shop, maraming delivery.",not_disaster,False,not_disaster
latest deal: delivery items today!,not_disaster,False,not_disaster
"check out this shop, maraming kain.",not_disaster,False,not_disaster
latest deal: kain items today!,not_disaster,False,not_disaster
"check out this shop, maraming kumain.",not_disaster,False,not_disaster
latest deal: kumain items today!,not_disaster,False,not_disaster
"check out this shop, maraming kainan.",not_disaster,False,not_disaster
latest deal: kainan items today!,not_disaster,False,not_disaster
"check out this shop, maraming nagkainan.",not_disaster,False,not_disaster
latest deal: nagkainan items today!,not_disaster,False,not_disaster
"foodtrip ng iphone 14 pro max, pm me.",not_disaster,False,not_disaster
promo ngayon! foodtrip ng milk tea.,not_disaster,False,not_disaster
ang daming foodtrip na pagkain sa food park.,not_disaster,False,not_disaster
"check out this shop, maraming foodtrip.",not_disaster,False,not_disaster
latest deal: foodtrip items today!,not_disaster,False,not_disaster
"eat all you can ng iphone 14 pro max, pm me.",not_disaster,False,not_disaster
promo ngayon! eat all you can ng milk tea.,not_disaster,False,not_disaster
ang daming eat all you can na pagkain sa food park.,not_disaster,False,not_disaster
"check out this shop, maraming eat all you can.",not_disaster,False,not_disaster
latest deal: eat all you can items today!,not_disaster,False,not_disaster
"buffet ng iphone 14 pro max, pm me.",not_disaster,False,not_disaster
promo ngayon! buffet ng milk tea.,not_disaster,False,not_disaster
ang daming buffet na pagkain sa food park.,not_disaster,False,not_disaster
"check out this shop, maraming buffet.",not_disaster,False,not_disaster
latest deal: buffet items today!,not_disaster,False,not_disaster
"check out this shop, maraming bili.",not_disaster,False,not_disaster
latest deal: bili items today!,not_disaster,False,not_disaster
"check out this shop, maraming bumili.",not_disaster,False,not_disaster
latest deal: bumili items today!,not_disaster,False,not_disaster
"check out this shop, maraming nagbili.",not_disaster,False,not_disaster
latest deal: nagbili items today!,not_disaster,False,not_disaster
"check out this shop, maraming binili.",not_disaster,False,not_disaster
latest deal: binili items today!,not_disaster,False,not_disaster
"check out this shop, maraming pagbebenta.",not_disaster,False,not_disaster
latest deal: pagbebenta items today!,not_disaster,False,not_disaster
"buy 1 take 1 ng iphone 14 pro max, pm me.",not_disaster,False,not_disaster
promo ngayon! buy 1 take 1 ng milk tea.,not_disaster,False,not_disaster
ang daming buy 1 take 1 na pagkain sa food park.,not_disaster,False,not_disaster
"check out this shop, maraming buy 1 take 1.",not_disaster,False,not_disaster
latest deal: buy 1 take 1 items today!,not_disaster,False,not_disaster
"shop now ng iphone 14 pro max, pm me.",not_disaster,False,not_disaster
promo ngayon! shop now ng milk tea.,not_disaster,False,not_disaster
ang daming shop now na pagkain sa food park.,not_disaster,False,not_disaster
"check out this shop, maraming shop now.",not_disaster,False,not_disaster
latest deal: shop now items today!,not_disaster,False,not_disaster
"new release ng iphone 14 pro max, pm me.",not_disaster,False,not_disaster
promo ngayon! new release ng milk tea.,not_disaster,False,not_disaster
ang daming new release na pagkain sa food park.,not_disaster,False,not_disaster
"check out this shop, maraming new release.",not_disaster,False,not_disaster
latest deal: new release items today!,not_disaster,False,not_disaster
"brand new ng iphone 14 pro max, pm me.",not_disaster,False,not_disaster
promo ngayon! brand new ng milk tea.,not_disaster,False,not_disaster
ang daming brand new na pagkain sa food park.,not_disaster,False,not_disaster
"check out this shop, maraming brand new.",not_disaster,False,not_disaster
latest deal: brand new items today!,not_disaster,False,not_disaster
"preloved ng iphone 14 pro max, pm me.",not_disaster,False,not_disaster
promo ngayon! preloved ng milk tea.,not_disaster,False,not_disaster
ang daming preloved na pagkain sa food park.,not_disaster,False,not_disaster
"check out this shop, maraming preloved.",not_disaster,False,not_disaster
latest deal: preloved items today!,not_disaster,False,not_disaster
"gadget sale ng iphone 14 pro max, pm me.",not_disaster,False,not_disaster
promo ngayon! gadget sale ng milk tea.,not_disaster,False,not_disaster
ang daming gadget sale na pagkain sa food park.,not_disaster,False,not_disaster
"check out this shop, maraming gadget sale.",not_disaster,False,not_disaster
latest deal: gadget sale items today!,not_disaster,False,not_disaster
"murang phone ng iphone 14 pro max, pm me.",not_disaster,False,not_disaster
promo ngayon! murang phone ng milk tea.,not_disaster,False,not_disaster
ang daming murang phone na pagkain sa food park.,not_disaster,False,not_disaster
"check out this shop, maraming murang phone.",not_disaster,False,not_disaster
latest deal: murang phone items today!,not_disaster,False,not_disaster
"affordable items ng iphone 14 pro max, pm me.",not_disaster,False,not_disaster
promo ngayon! affordable items ng milk tea.,not_disaster,False,not_disaster
ang daming affordable items na pagkain sa food park.,not_disaster,False,not_disaster
"check out this shop, maraming affordable items.",not_disaster,False,not_disaster
latest deal: affordable items items today!,not_disaster,False,not_disaster
"sunog sa palengke, maraming tindahan nasunog",,,fire
"fire sa apartment building, maraming residente na-trap",,,fire
"gas explosion sa bahay, may sugatan",,,fire
"electrical fire sa office, lahat nag-evacuate",,,fire
"forest fire sa bundok, kumalat na sa residential area",,,fire
"nasunugan ang buong barangay, maraming pamilya nawalan ng bahay",,,fire
"sunog sa eskwelahan, lahat ng estudyante na-evacuate",,,fire
"burning building sa downtown, maraming tao na-stranded",,,fire
"apoy sa warehouse, maraming gamit nasunog",,,fire
"fire incident sa mall, lahat ng tao lumikas",,,fire
"baha sa buong barangay, maraming pamilya na-stranded",,,flood
"river overflow, maraming bahay binaha",,,flood
"heavy rainfall, maraming lugar binaha",,,flood
"dam overflow, maraming lugar binaha",,,flood
"sewer overflow, maraming lugar binaha",,,flood
"flash flood sa bayan, maraming sasakyan na-stranded",,,flood
"baha sa highway, hindi na madaanan ang kalsada",,,flood
"flooded ang buong subdivision, maraming pamilya na-stranded",,,flood
"baha sa palengke, maraming tindahan binaha",,,flood
"river overflow sa probinsya, maraming bahay binaha",,,flood
"malakas na lindol sa probinsya, maraming nasirang bahay",,,earthquake
"strong earthquake sa probinsya, maraming gusali nasira",,,earthquake
"aftershock pa rin, maraming tao natatakot",,,earthquake
"ground shaking, maraming bintana nabasag",,,earthquake
"seismic activity, maraming tao nag-panic",,,earthquake
"lindol sa bayan, maraming bahay nasira",,,earthquake
"earthquake sa probinsya, maraming gusali nasira",,,earthquake
"strong quake sa probinsya, maraming tao na-stranded",,,earthquake
"lindol sa mall, maraming tao nag-panic",,,earthquake
"earthquake sa hospital, maraming pasyente na-transfer",,,earthquake
"typhoon signal number 4 na, lahat ng tao nag-evacuate",,,typhoon
"super typhoon sa probinsya, maraming bahay natangay",,,typhoon
"storm surge sa coastal area, maraming bahay natangay",,,typhoon
"malakas na ulan, maraming lugar binaha",,,typhoon
"typhoon sa probinsya, maraming pamilya na-stranded",,,typhoon
"signal #3 na raw, walang pasok bukas",,,typhoon
"bagyo sa probinsya, maraming bahay nasira",,,typhoon
"typhoon sa bayan, maraming tao na-stranded",,,typhoon
"storm sa probinsya, maraming gusali nasira",,,typhoon
"landslide sa bundok, hindi na madaanan ang kalsada",,,landslide
"gumuho ang lupa sa bundok, maraming bahay natabunan",,,landslide
"landslide sa highway, hindi na madaanan ang daan",,,landslide
"gumuhong lupa sa bundok, maraming pamilya na-stranded",,,landslide
"landslide sa probinsya, maraming bahay natabunan",,,landslide
"gumuho ang bundok, maraming tao na-stranded",,,landslide
"landslide sa kalsada, hindi na madaanan ang daan",,,landslide
"gumuhong lupa sa probinsya, maraming bahay natabunan",,,landslide
"landslide sa bundok, maraming pamilya na-stranded",,,landslide
"gumuho ang lupa sa highway, hindi na madaanan ang daan",,,landslide
"volcanic eruption, maraming abo sa hangin",,,other
"tsunami warning, lahat ng tao lumikas",,,other
"wildfire sa bundok, kumalat na sa mga bahay",,,other
"tornado sa bayan, maraming puno natumba",,,other
"drought sa probinsya, walang tubig ang mga magsasaka",,,other
"sinkhole sa highway, delikado ang daan",,,other
"gas leak sa planta, maraming tao na-evacuate",,,other
"chemical explosion sa factory, maraming sugatan",,,other
"oil spill sa dagat, maraming isda namatay",,,other
"nuclear leak sa planta, maraming tao na-evacuate",,,other
"mega sale sa mall, 70% off lahat ng items",,,not_disaster
sarap ng bagong restaurant sa town,,,not_disaster
"new phone unboxing, so excited",,,not_disaster
"workout session complete, feeling great",,,not_disaster
"family reunion this weekend, excited na",,,not_disaster
"job interview went well, positive vibes",,,not_disaster
"online shopping spree, ang dami kong nakuha",,,not_disaster
"black friday sale, maraming murang gadgets",,,not_disaster
"christmas sale, perfect time para mag-shopping",,,not_disaster
"clearance sale, lahat ng items bagsak presyo",,,not_disaster
